[
{"id": 9, "title": "Zoom Like Batman in a Real Batmobile", "description": "- You can now own a real Batmobile Tumbler!\n- It’s super strong, with 525 horsepower and cool gadgets.\n- Only 10 people will get it, and it costs $3 million!", "image_url": "https://storage.googleapis.com/newsahoot.appspot.com/thumbnail_Batmobile_a4cf6c9135.jpg", "content": "One can ride the Batmobile!Ever dreamed of driving Batman’s super tank-like car? Let’s dive in! Imagine driving a car so cool it looks like it belongs in a superhero movie. Oh, wait, it does!The Batmobile Tumbler from The Dark Knight trilogy can now be yours. It’s a real-life version of Batman’s iconic ride, with gadgets, power, and style to match. But hurry—only 10 of these beauties are being made.The ultimate ride for Batman fans!The Batmobile Tumbler is no ordinary car—it’s part tank, part superhero gadget. With giant tyres and a strong body made of Kevlar, carbon fibre, and metal, it’s built to take on bad guys (or at least look like it!).Packed with power!Under the hood, this Batmobile has a 6.2-liter V-8 engine with 525 horsepower. That’s enough to make it roar like a lion!It even has a smokescreen system and fake gun turrets, just like in the movies. While it’s not street-legal, you can still drive it on special tracks or show it off to your friends.A price fit for a superhero!The Tumbler is being made by Wayne Enterprises (yes, Batman’s company!) and Action Vehicle Engineering.This superhero ride doesn’t come cheap—it costs $3 million! That’s like buying thousands of plates of biryani. But for those lucky enough to own it, it’s like having a piece of Batman’s world right in their garage.", "published_at": "2025-02-10T19:01:00.000Z", "source": "Newsahoot", "url": "https://www.newsahoot.com/articles/zoom-like-batman-in-a-real-batmobile", "is_kid_friendly": true, "created_at": "2025-02-16 23:02:23", "categories": "science"},
{"id": 9, "title": "Brilliant Goats Help Stop Fires in Denver!", "description": "- In Denver, 1,200 goats are eating dry plants to help stop wildfires.\n- By munching on these plants, the goats make it harder for fires to spread.\n- Goat Green is the company that brought these goats to help Lockheed Martin.", "image_url": "https://storage.googleapis.com/newsahoot.appspot.com/thumbnail_i_Stock_181141852_00c5c479be.jpg", "content": "A new plan.Goats to the Rescue! Guess what? Denver, Colorado, USA, has found a super cool way to stop wildfires before they even start: goats!A herd of 1,200 goats is hard at work eating dry plants that could easily catch fire. This smart solution is helping to keep everyone safe from dangerous wildfires.How do goats help?These goats have a big job. They eat dry weeds and brush that can catch fire really quickly. By clearing away this vegetation, they help reduce the chances of a wildfire starting. Plus, it’s a solution that’s friendly to the environment!Who thought of this?    A video on the goats. Video by lockheedmartinspace. The idea came from Lockheed Martin, a big company that works with airplanes and space stuff. They asked Goat Green, a company that uses goats to clear land, to bring the goats to their campus and help out.Sean Vogel, who works at Lockheed Martin, said, \"Faster containment is going to be safer not only for the employees of Lockheed Martin but for all the neighbouring communities.\"Why Is this important?Wildfires can spread super-fast and cause a lot of damage. By using goats, Lockheed Martin is helping to stop fires before they start, which protects the community. South Metro Fire Rescue is really happy about this because it means they get fewer fire calls in the area.Using goats to stop wildfires is a super smart idea. Maybe other places will start using goats, too!", "published_at": "2025-02-11T19:08:00.000Z", "source": "Newsahoot", "url": "https://www.newsahoot.com/articles/baa-rilliant-goats-help-stop-fires-in-denver", "is_kid_friendly": true, "created_at": "2025-02-16 23:02:24", "categories": "world"},
{"id": 9, "title": "Dance Your Blues Away", "description": "- Dancing can help reduce sadness in people with depression.\n- It works better than walking, jogging, or yoga.\n- Dancing helps increase happy chemicals in the brain and boosts confidence.", "image_url": "https://storage.googleapis.com/newsahoot.appspot.com/thumbnail_Q_7e27c21b43.jpg", "content": "How dancing can help fight depression.Did you know dancing can do more than just make you happy? A recent study from the University of Sydney in Australia found that dancing is the best exercise to help people with depression. It's even better than walking, jogging, or yoga!The study says...Researchers reviewed 218 studies with 14,170 participants and found that dancing helps reduce depression symptoms more than medicines like SSRIs or even talking therapies like cognitive behavioural therapy (CBT).The study shows dancing as the top exercise for lifting spirits.Why does dancing work?Dancing boosts happy chemicals in the brain and improves self-esteem. It helps people stop thinking about their problems and enjoy the moment. The social connection and endorphins from dancing also make people feel happier and more relaxed.", "published_at": "2025-02-12T18:48:00.000Z", "source": "Newsahoot", "url": "https://www.newsahoot.com/articles/dance-your-blues-away", "is_kid_friendly": true, "created_at": "2025-02-16 23:02:26", "categories": "health"},
{"id": 9, "title": "Scotland Plans To Jail Polluters’ Bosses", "description": "- Scotland’s Ecocide Prevention Bill could jail polluters’ bosses.\n- Ecocide means causing serious harm to the environment.\n- The bill has good support and follows Belgium’s example.", "image_url": "https://storage.googleapis.com/newsahoot.appspot.com/thumbnail_i_Stock_181874783_ad391a146d.jpg", "content": "Scotland’s new law.Scotland might soon see a new law that could jail the bosses of major polluters for up to 20 years.The proposed Ecocide Prevention Bill aims to hold top executives accountable for severe environmental damage. If passed, it would be a significant step in environmental protection within the United Kingdom (UK).Understanding ecocide.Ecocide means massive harm to ecosystems, like oil spills, deforestation, and serious pollution of air or oceans. It emphasizes the need to protect our environment from large-scale destruction.Oil Spill on the Delaware River, USA. Photo by Wikimedia Commons / Public Domain.Progress in parliament.The bill, introduced by Scottish politician Monica Lennon, has enough support from various political parties to move forward. The Scottish government has decided not to block the bill, which clears the way for its formal introduction this year.Global effortsIf Scotland passes this law, it will join Belgium, which recently recognised ecocide under its national and international law. Activists want ecocide to be charged by the International Criminal Court (ICC), alongside other serious crimes like genocide and war crimes.", "published_at": "2025-02-13T18:43:00.000Z", "source": "Newsahoot", "url": "https://www.newsahoot.com/articles/scotland-plans-to-jail-polluters-bosses", "is_kid_friendly": true, "created_at": "2025-02-16 23:02:27", "categories": "environment"},
{"id": 9, "title": "London Fashion Week Goes Wild Without The Wildlife", "description": "- London Fashion Week is banning exotic animal skins starting in 2025.\n- The event had already banned fur by 2023.\n- This decision helps protect animals and supports sustainable fashion.", "image_url": "https://storage.googleapis.com/newsahoot.appspot.com/thumbnail_i_Stock_940236760_83e8d01fa3.jpg", "content": "London Fashion Week’s latest decision!London Fashion Week (LFW) has made history by becoming the first major fashion event to ban exotic animal skins, starting in 2025. This means materials like crocodile, alligator, and snake skin will no longer be used by designers at the event.This move is part of a larger effort to promote sustainable and ethical fashion. In 2018, LFW committed to banning fur, and by December 2023, the industry had fully stopped using it. Now, the focus is on protecting wild animals from being exploited for fashion.Why does this matter?The ban highlights the importance of ethical fashion choices. It also sets an example for other fashion weeks worldwide, including New York, Milan, and Paris, to follow. By choosing sustainable materials, designers can create beautiful clothes without harming animals.Many designers have begun developing plant-based leather, mushroom leather, and other sustainable alternatives that look like exotic skins. The fashion world is rapidly changing, and more designers are adopting these alternatives.What’s next?LFW is also working on banning the use of wild bird feathers in fashion, further pushing the industry toward cruelty-free practices. This decision will help prevent the unnecessary killing of birds for decorative fashion items.", "published_at": "2025-02-14T18:44:00.000Z", "source": "Newsahoot", "url": "https://www.newsahoot.com/articles/london-fashion-week-goes-wild-without-the-wildlife", "is_kid_friendly": true, "created_at": "2025-02-16 23:02:28", "categories": "environment"},
{"id": 9, "title": "Hans Zimmer Reinvents Saudi Arabia’s National Anthem", "description": "- Hans Zimmer, known for The Lion King, Dune, and Interstellar, will reimagine Saudi Arabia’s national anthem with a blend of tradition and modern cinematic sound.\n- Saudi Arabia’s anthem, Aash Al-Malik, unchanged since 1950, may evolve through Zimmer’s fusion of Arabic heritage and global music styles.\n- As Saudi Arabia expands its arts scene, this collaboration marks a key moment, inspiring local musicians and reshaping the nation’s musical identity.", "image_url": "https://storage.googleapis.com/newsahoot.appspot.com/thumbnail_q_2575cacfcd.jpg", "content": "A New Look at Saudi Arabia’s National Identity Through Music &nbsp;Famous composer Hans Zimmer, known for his work on The Lion King, Dune, and Interstellar, will help create a new version of Saudi Arabia’s national anthem.&nbsp;This project is part of Vision 2030, a plan to modernise the country while keeping its traditions. Zimmer’s skill in mixing orchestral and electronic music could make the anthem more emotional and cinematic. It may also help it reach a global audience while keeping its patriotic meaning. &nbsp;Mixing Tradition with Modern Music &nbsp;Saudi Arabia’s national anthem, Aash Al-Malik, has been the same since 1950 and follows a traditional Arab music style. While it is an important part of the country’s history, Saudi Arabia is changing and welcoming new ideas in music, art, and entertainment. &nbsp;Zimmer’s work could combine Western orchestral music with Arabic sounds, creating a new version that respects tradition but also reflects the country’s growth and change. &nbsp;A New Chapter for Saudi Music and Arts &nbsp;Zimmer is also working on other music projects in Saudi Arabia, showing the country’s strong interest in arts and culture. His involvement could encourage local musicians to explore different styles, mixing old and new sounds. &nbsp;As Saudi Arabia becomes more active in the global arts world, working with a well-known composer like Zimmer is a big step toward connecting tradition with modern music.", "published_at": "2025-02-15T19:45:31.082Z", "source": "Newsahoot", "url": "https://www.newsahoot.com/articles/hans-zimmer-reinvents-saudi-arabia-s-national-anthem", "is_kid_friendly": true, "created_at": "2025-02-16 23:02:29", "categories": "entertainment"}
]