[
{"title": "", "content": "\n\t\t\t\t \n\t\t\t\t \n\t\t\t \n\t\t\t\t \n\t\t\t\t \n\t\t\t \n\t\t\t\t \n\t\t\t\t \n\t\t\t", "image_url": null, "published_at": "", "source": "Robinage", "url": "https://www.robinage.com/wi-fi-available-on-domestic-flights/", "is_kid_friendly": true, "created_at": "2025-02-18 12:43:00", "categories": ["India News"], "description": "\n\t\t\t\t \n\t\t\t\t \n\t\t\t \n\t\t\t\t \n\t\t\t\t \n\t\t\t \n\t\t\t\t \n\t\t\t\t \n\t\t\t"},
{"title": "", "content": "\n\t\t\t\t \n\t\t\t\t \n\t\t\t \n\t\t\t\t \n\t\t\t\t \n\t\t\t \n\t\t\t\t \n\t\t\t\t \n\t\t\t", "image_url": null, "published_at": "", "source": "Robinage", "url": "https://www.robinage.com/impact-of-cyclone-fengal/", "is_kid_friendly": true, "created_at": "2025-02-18 12:43:01", "categories": ["India News"], "description": "\n\t\t\t\t \n\t\t\t\t \n\t\t\t \n\t\t\t\t \n\t\t\t\t \n\t\t\t \n\t\t\t\t \n\t\t\t\t \n\t\t\t"},
{"title": "", "content": "\n\t\t\t\t \n\t\t\t\t \n\t\t\t \n\t\t\t\t \n\t\t\t\t \n\t\t\t \n\t\t\t\t \n\t\t\t\t \n\t\t\t", "image_url": null, "published_at": "", "source": "Robinage", "url": "https://www.robinage.com/space-based-artificial-intelligence-laboratory/", "is_kid_friendly": true, "created_at": "2025-02-18 12:43:02", "categories": ["India News"], "description": "\n\t\t\t\t \n\t\t\t\t \n\t\t\t \n\t\t\t\t \n\t\t\t\t \n\t\t\t \n\t\t\t\t \n\t\t\t\t \n\t\t\t"},
{"title": "", "content": "\n\t\t\t\t \n\t\t\t\t \n\t\t\t \n\t\t\t\t \n\t\t\t\t \n\t\t\t \n\t\t\t\t \n\t\t\t\t \n\t\t\t", "image_url": null, "published_at": "", "source": "Robinage", "url": "https://www.robinage.com/lionel-messi-to-play-a-match-in-kerala/", "is_kid_friendly": true, "created_at": "2025-02-18 12:43:04", "categories": ["India News"], "description": "\n\t\t\t\t \n\t\t\t\t \n\t\t\t \n\t\t\t\t \n\t\t\t\t \n\t\t\t \n\t\t\t\t \n\t\t\t\t \n\t\t\t"},
{"title": "", "content": "\n\t\t\t\t \n\t\t\t\t \n\t\t\t \n\t\t\t\t \n\t\t\t\t \n\t\t\t \n\t\t\t\t \n\t\t\t\t \n\t\t\t", "image_url": null, "published_at": "", "source": "Robinage", "url": "https://www.robinage.com/one-nation-one-subscription-scheme/", "is_kid_friendly": true, "created_at": "2025-02-18 12:43:05", "categories": ["India News"], "description": "\n\t\t\t\t \n\t\t\t\t \n\t\t\t \n\t\t\t\t \n\t\t\t\t \n\t\t\t \n\t\t\t\t \n\t\t\t\t \n\t\t\t"},
{"title": "", "content": "\n\t\t\t\t \n\t\t\t\t \n\t\t\t \n\t\t\t\t \n\t\t\t\t \n\t\t\t \n\t\t\t\t \n\t\t\t\t \n\t\t\t", "image_url": null, "published_at": "", "source": "Robinage", "url": "https://www.robinage.com/india-wins-womens-junior-asia-cup-2024/", "is_kid_friendly": true, "created_at": "2025-02-18 12:43:06", "categories": ["India News"], "description": "\n\t\t\t\t \n\t\t\t\t \n\t\t\t \n\t\t\t\t \n\t\t\t\t \n\t\t\t \n\t\t\t\t \n\t\t\t\t \n\t\t\t"},
{"title": "", "content": "\n\t\t\t\t \n\t\t\t\t \n\t\t\t \n\t\t\t\t \n\t\t\t\t \n\t\t\t \n\t\t\t\t \n\t\t\t\t \n\t\t\t", "image_url": null, "published_at": "", "source": "Robinage", "url": "https://www.robinage.com/karnataka-to-get-a-swift-city/", "is_kid_friendly": true, "created_at": "2025-02-18 12:43:08", "categories": ["India News"], "description": "\n\t\t\t\t \n\t\t\t\t \n\t\t\t \n\t\t\t\t \n\t\t\t\t \n\t\t\t \n\t\t\t\t \n\t\t\t\t \n\t\t\t"},
{"title": "", "content": "The Brihanmumbai Municipal Corporation (BMC) is set to construct a bird park covering 17,150sq mts in Nahur in Mumbai. This facility is being established to protect animal life and will feature numerous bird species such as white peafowls and black swans. The facility will comprise different areas, which will accommodate birds from different parts of the world. Its projected cost will be about  100 crore and it will be the first of its kind in Mumbai. It will also provide visitors with knowledge about different birds and the importance of safeguarding their ecosystems. \n\t\t\t\t \n\t\t\t\t \n\t\t\t \n\t\t\t\t \n\t\t\t\t \n\t\t\t \n\t\t\t\t \n\t\t\t\t \n\t\t\t", "image_url": null, "published_at": "", "source": "Robinage", "url": "https://www.robinage.com/bird-park-in-mumbai/", "is_kid_friendly": true, "created_at": "2025-02-18 12:43:09", "categories": ["India News"], "description": "The Brihanmumbai Municipal Corporation (BMC) is set to construct a bird park covering 17,150sq mts in Nahur in Mumbai."},
{"title": "", "content": "\n\t\t\t\t \n\t\t\t\t \n\t\t\t \n\t\t\t\t \n\t\t\t\t \n\t\t\t \n\t\t\t\t \n\t\t\t\t \n\t\t\t", "image_url": null, "published_at": "", "source": "Robinage", "url": "https://www.robinage.com/tamil-nadus-new-glass-bridge/", "is_kid_friendly": true, "created_at": "2025-02-18 12:43:11", "categories": ["India News"], "description": "\n\t\t\t\t \n\t\t\t\t \n\t\t\t \n\t\t\t\t \n\t\t\t\t \n\t\t\t \n\t\t\t\t \n\t\t\t\t \n\t\t\t"},
{"title": "", "content": "\n\t\t\t\t \n\t\t\t\t \n\t\t\t \n\t\t\t\t \n\t\t\t\t \n\t\t\t \n\t\t\t\t \n\t\t\t\t \n\t\t\t", "image_url": null, "published_at": "", "source": "Robinage", "url": "https://www.robinage.com/hmpv-virus-cases-detected-in-india/", "is_kid_friendly": true, "created_at": "2025-02-18 12:43:12", "categories": ["India News"], "description": "\n\t\t\t\t \n\t\t\t\t \n\t\t\t \n\t\t\t\t \n\t\t\t\t \n\t\t\t \n\t\t\t\t \n\t\t\t\t \n\t\t\t"},
{"title": "", "content": "", "image_url": null, "published_at": "", "source": "Robinage", "url": "https://www.robinage.com/author/staff-writer/", "is_kid_friendly": true, "created_at": "2025-02-18 12:43:13", "categories": [], "description": ""},
{"title": "", "content": "The largest waterfall in the world called the Denmark Strait Cataract stands at a height of 11,500ft and is situated in the Arctic Circle. This waterfall, found underwater between Iceland and Greenland, surpasses the height of the tallest waterfall on land, called the Angel Falls in Venezuela. As this huge natural marvel is situated underwater, it is entirely out of sight. It has a width of 480kms and is believed to have come into existence in the last Ice Age. Though it is not visible, this waterfall affects the Earth’s climate, ocean circulation and environment. The Niagara Falls, situated in North America, comprises three waterfalls—the Bridal Veil Falls, the Horseshoe Falls and the American Falls. \n\t\t\t\t \n\t\t\t\t \n\t\t\t \n\t\t\t\t \n\t\t\t\t \n\t\t\t \n\t\t\t\t \n\t\t\t\t \n\t\t\t", "image_url": null, "published_at": "", "source": "Robinage", "url": "https://www.robinage.com/largest-waterfall-in-the-world/", "is_kid_friendly": true, "created_at": "2025-02-18 12:43:13", "categories": ["World News"], "description": "The largest waterfall in the world called the Denmark Strait Cataract stands at a height of 11,500ft and is situated in the Arctic Circle."},
{"title": "", "content": "Scientists at New York University (NYU), USA, have found that memories are not just stored in brain cells but also in cells located in other body parts. For their study, scientists introduced cells from kidney and nerve tissues to numerous chemical signal sequences, replicating the way brain cells experience and process the receipt of new information. Scientists noted that this procedure led to the activation of a memory gene, which is also responsible for memory formation in the brain. This study shows that just like neurons in the brain, cells in nerve and kidney tissues can retain memories. This study could initiate the development of new techniques to address disorders related to memory. Physical activity including exercising enhances brain health and memory. \n\t\t\t\t \n\t\t\t\t \n\t\t\t \n\t\t\t\t \n\t\t\t\t \n\t\t\t \n\t\t\t\t \n\t\t\t\t \n\t\t\t", "image_url": null, "published_at": "", "source": "Robinage", "url": "https://www.robinage.com/study-on-creation-of-memories/", "is_kid_friendly": true, "created_at": "2025-02-18 12:43:15", "categories": ["World News"], "description": "Scientists at New York University (NYU), USA, have found that memories are not just stored in brain cells but also in cells located in other body parts."},
{"title": "", "content": "To put a check on illegal wildlife smuggling activities, a non-profit organisation based in Tanzania named APOPO has trained African giant pouched rats to smell and identify wildlife items such as pangolin scales and elephant tusks that are being illegally traded. The rats are equipped with a vest with a tiny ball affixed to it. When a rat identifies a particular scent, it is trained to tug on the ball, which gives rise to a beeping noise. This signals the creatures’ handler of the detected item. If successful, this training could help keep animals such as pangolins and elephants safe. African giant pouched rats can attain a length of around 3ft and are the world’s largest rats. \n\t\t\t\t \n\t\t\t\t \n\t\t\t \n\t\t\t\t \n\t\t\t\t \n\t\t\t \n\t\t\t\t \n\t\t\t\t \n\t\t\t", "image_url": null, "published_at": "", "source": "Robinage", "url": "https://www.robinage.com/rats-trained-to-identify-smugglers/", "is_kid_friendly": true, "created_at": "2025-02-18 12:43:16", "categories": ["World News"], "description": "To put a check on illegal wildlife smuggling activities, a non-profit organisation based in Tanzania named APOPO has trained African giant pouched rats to smell and identify wildlife items such as pangolin scales and elephant tusks that are being illegally traded."},
{"title": "", "content": "A dinosaur fossil that was sold for $44.6 million, making it the most expensive dinosaur fossil ever auctioned, has been exhibited at the American Museum of Natural History in New York, USA. The fossil, belonging to a stegosaurus, is 150 million years old and was acquired by a billionaire named Kenneth C Griffin at an auction in July 2024. The dinosaur called Apex, measuring 27ft in length and 11ft in height, has been loaned to the museum by Griffin for a period of four years. This will give scientists a chance to study the fossil and allow the public to view it. The plate-like structures on the stegosaurus’ body are believed to have served various purposes such as heat absorption and offering protection against predators. \n\t\t\t\t \n\t\t\t\t \n\t\t\t \n\t\t\t\t \n\t\t\t\t \n\t\t\t \n\t\t\t\t \n\t\t\t\t \n\t\t\t", "image_url": null, "published_at": "", "source": "Robinage", "url": "https://www.robinage.com/most-expensive-dinosaur-exhibited/", "is_kid_friendly": true, "created_at": "2025-02-18 12:43:18", "categories": ["World News"], "description": "A dinosaur fossil that was sold for $44."},
{"title": "", "content": "Toy company Lego has collaborated with Formula 1 (F1) to create products inspired by F1 racing, catering to people of all age groups. The new products showcasing the 10 F1 teams will mark the 75th anniversary of F1 and will be available across all of Lego’s product lines including Lego City, Lego Collectibles, Lego Speed Champions and Lego Duplo. Through these products, which are set to launch this year, the companies wish to educate and engage fans with the finer aspects of F1. The product designs will help fans understand the technical features of the sport and replicate racing scenarios. More than 4 billion Lego minifigures, tiny plastic figures made from Lego parts, exist globally. \n\t\t\t\t \n\t\t\t\t \n\t\t\t \n\t\t\t\t \n\t\t\t\t \n\t\t\t \n\t\t\t\t \n\t\t\t\t \n\t\t\t", "image_url": null, "published_at": "", "source": "Robinage", "url": "https://www.robinage.com/lego-collaborates-with-formula-1/", "is_kid_friendly": true, "created_at": "2025-02-18 12:43:19", "categories": ["World News"], "description": "Toy company Lego has collaborated with Formula 1 (F1) to create products inspired by F1 racing, catering to people of all age groups."},
{"title": "", "content": "A 3D printing company in Michigan, USA, named Accel Digital Solutions has created a 3D-printed ball for pickleball that produces a lower sound volume as compared to the traditional ball used in the sport. The ball has been made using a thermoplastic elastomer and produces a gentle sound, contributing to decreased sound levels. The ball has been developed to offer more flexibility as compared to the traditional ball used in the sport. This sound-absorbing ball is set to decrease the sound on pickleball courts and the company will upgrade its features with the help of inputs from customers. Pickleball, which is a popular sport in North America, was invented by three men named Bill Bell, Joel Pritchard and Barney McCallum in Washington, USA, in 1965. \n\t\t\t\t \n\t\t\t\t \n\t\t\t \n\t\t\t\t \n\t\t\t\t \n\t\t\t \n\t\t\t\t \n\t\t\t\t \n\t\t\t", "image_url": null, "published_at": "", "source": "Robinage", "url": "https://www.robinage.com/3d-printed-balls-for-pickleball/", "is_kid_friendly": true, "created_at": "2025-02-18 12:43:20", "categories": ["World News"], "description": "A 3D printing company in Michigan, USA, named Accel Digital Solutions has created a 3D-printed ball for pickleball that produces a lower sound volume as compared to the traditional ball used in the sport."},
{"title": "", "content": "With four mounds already designated as protected, the Archaeological Survey of India (ASI) has classified two additional mounds at the archaeological site of Rakhigarhi in Haryana as protected under the Ancient Monuments and Archaeological Sites and Remains Act, 1958. Rakhigarhi, located in Hisar district in Haryana, is among the largest Harappan sites and is believed to be more than 5,000 years old. As per the new move by ASI, 40.26 acres of the two mounds have been given protected status, which will help preserve the area and facilitate further exploration. However, as this area is inhabited by locals, the government will have to secure the land and compensate its residents. \n\t\t\t\t \n\t\t\t\t \n\t\t\t \n\t\t\t\t \n\t\t\t\t \n\t\t\t \n\t\t\t\t \n\t\t\t\t \n\t\t\t", "image_url": null, "published_at": "", "source": "Robinage", "url": "https://www.robinage.com/harappan-mounds-protected/", "is_kid_friendly": true, "created_at": "2025-02-18 12:43:21", "categories": ["World News"], "description": "With four mounds already designated as protected, the Archaeological Survey of India (ASI) has classified two additional mounds at the archaeological site of Rakhigarhi in Haryana as protected under the Ancient Monuments and Archaeological Sites and Remains Act, 1958."},
{"title": "", "content": "The Notre-Dame Cathedral, which is among France’s most magnificent architectural structures, reopened to visitors on December 7 after a fire that broke out in 2019 forced its closure. The fire, which is believed to have been caused by accident, destroyed several parts of the iconic cathedral including its roof. Following the cathedral’s destruction, several skilled engineers and professionals worked to renovate the structure, restoring elaborate features and reviving its historic grandeur. Located in Paris, the Notre-Dame Cathedral is an important historic structure in France and used to attract millions of visitors annually before it was destroyed by the 2019 fire. The building of the original Notre-Dame Cathedral spanned approximately 200 years. \n\t\t\t\t \n\t\t\t\t \n\t\t\t \n\t\t\t\t \n\t\t\t\t \n\t\t\t \n\t\t\t\t \n\t\t\t\t \n\t\t\t", "image_url": null, "published_at": "", "source": "Robinage", "url": "https://www.robinage.com/notre-dame-reopens-to-visitors/", "is_kid_friendly": true, "created_at": "2025-02-18 12:43:23", "categories": ["World News"], "description": "The Notre-Dame Cathedral, which is among France’s most magnificent architectural structures, reopened to visitors on December 7 after a fire that broke out in 2019 forced its closure."},
{"title": "", "content": "\n\t\t\t\t \n\t\t\t\t \n\t\t\t \n\t\t\t\t \n\t\t\t\t \n\t\t\t \n\t\t\t\t \n\t\t\t\t \n\t\t\t", "image_url": null, "published_at": "", "source": "Robinage", "url": "https://www.robinage.com/geoscience-museum-inaugurated/", "is_kid_friendly": true, "created_at": "2025-02-18 12:43:24", "categories": ["World News"], "description": "\n\t\t\t\t \n\t\t\t\t \n\t\t\t \n\t\t\t\t \n\t\t\t\t \n\t\t\t \n\t\t\t\t \n\t\t\t\t \n\t\t\t"},
{"title": "", "content": "New research shows that Stonehenge, which is among the most popular structures in the world, was an emblem of unity among the inhabitants of ancient Britain. Historians have been uncertain about the reason for the construction of Stonehenge, which is located in Wiltshire in England. However, recent findings indicate that the stones used to build the structure, which is believed to be close to 5,000 years old, came from areas as distant as Wales and Scotland. This suggests that the monument was constructed with the involvement of inhabitants of various areas of Britain, signifying unity and cooperation. The monument’s stones possess acoustic properties. When struck, they produce a loud, clanging sound. \n\t\t\t\t \n\t\t\t\t \n\t\t\t \n\t\t\t\t \n\t\t\t\t \n\t\t\t \n\t\t\t\t \n\t\t\t\t \n\t\t\t", "image_url": null, "published_at": "", "source": "Robinage", "url": "https://www.robinage.com/understanding-the-purpose-of-stonehenge/", "is_kid_friendly": true, "created_at": "2025-02-18 12:43:25", "categories": ["World News"], "description": "New research shows that Stonehenge, which is among the most popular structures in the world, was an emblem of unity among the inhabitants of ancient Britain."}
]